,url,eventtimeutc,eventtimeutc
,count,min,max
domain,,,
002d2501.pphosted.com:10020,1,2025-01-29 02:40:15.466000+00:00,2025-01-29 02:40:15.466000+00:00
9to5google.com,1,2025-01-30 22:13:02.773000+00:00,2025-01-30 22:13:02.773000+00:00
aaeb-trivice.paperform.co,1,2025-01-25 04:27:58.907000+00:00,2025-01-25 04:27:58.907000+00:00
access.service.gov.uk,2,2025-01-23 11:33:49.227000+00:00,2025-01-31 14:25:32.754000+00:00
account.chase.com,1,2025-01-25 21:28:56.860000+00:00,2025-01-25 21:28:56.860000+00:00
accounts.britishairways.com,7,2025-01-21 11:00:39.407000+00:00,2025-01-21 11:01:25.489000+00:00
accounts.google.com,61,2025-01-23 06:29:39.133000+00:00,2025-02-20 19:49:54.018000+00:00
accounts.zoho.com,1,2025-01-23 11:37:03.359000+00:00,2025-01-23 11:37:03.359000+00:00
acgov.org,8,2025-01-27 05:33:54.471000+00:00,2025-01-28 05:01:00.498000+00:00
acquire.com,2,2025-02-02 16:25:52.495000+00:00,2025-02-02 16:25:59.163000+00:00
acvote.alamedacountyca.gov,2,2025-02-04 12:36:54.503000+00:00,2025-02-04 12:36:57.029000+00:00
addons.mozilla.org,4,2025-01-23 06:30:16.489000+00:00,2025-02-06 20:09:22.334000+00:00
admin.microsoft.com,6,2025-02-19 19:16:36.749000+00:00,2025-02-19 21:48:23.267000+00:00
adrenaline.com,1,2025-01-31 02:10:55.482000+00:00,2025-01-31 02:10:55.482000+00:00
advertmobile.net,1,2025-01-23 11:35:53.635000+00:00,2025-01-23 11:35:53.635000+00:00
airasia.com,22,2025-01-30 06:51:35.153000+00:00,2025-02-02 01:15:46.445000+00:00
airzerog.com,1,2025-02-01 16:30:31.588000+00:00,2025-02-01 16:30:31.588000+00:00
akusolireview.health-insight.net,1,2025-01-27 22:25:23.170000+00:00,2025-01-27 22:25:23.170000+00:00
alameda.courts.ca.gov,1,2025-02-04 12:46:34.022000+00:00,2025-02-04 12:46:34.022000+00:00
amazingco.me,1,2025-02-16 11:16:26.765000+00:00,2025-02-16 11:16:26.765000+00:00
amazon.co.uk,9,2025-01-21 16:55:17.128000+00:00,2025-01-22 01:58:53.746000+00:00
amazon.com,17,2025-01-21 20:07:10.251000+00:00,2025-02-20 19:22:53.456000+00:00
amazon.in,123,2025-01-24 01:44:04.414000+00:00,2025-02-04 19:35:48.524000+00:00
american.bank,1,2025-01-28 23:06:02.752000+00:00,2025-01-28 23:06:02.752000+00:00
americanexpress.com,2,2025-02-03 02:30:16.964000+00:00,2025-02-03 02:30:24.312000+00:00
anc.apm.activecommunities.com,9,2025-01-24 04:20:23.211000+00:00,2025-01-24 04:22:30.419000+00:00
android-studio.en.softonic.com,1,2025-01-30 06:13:18.875000+00:00,2025-01-30 06:13:18.875000+00:00
antimalwarehub.click,2,2025-02-03 08:13:50.585000+00:00,2025-02-03 08:13:50.863000+00:00
aol.com,1,2025-02-07 23:31:57.860000+00:00,2025-02-07 23:31:57.860000+00:00
api.payu.in,6,2025-01-29 05:25:51.124000+00:00,2025-01-29 05:26:00.139000+00:00
apkpure.net,5,2025-01-31 06:03:04.022000+00:00,2025-01-31 06:04:16.546000+00:00
app.acquire.com,3,2025-01-28 12:45:02.012000+00:00,2025-01-28 15:47:50.156000+00:00
app.box.com,4,2025-02-15 21:31:46.869000+00:00,2025-02-18 02:50:38.237000+00:00
app.clickup.com,17,2025-01-23 11:34:33.553000+00:00,2025-02-18 09:29:05.983000+00:00
app.onemedical.com,17,2025-02-06 18:12:58.448000+00:00,2025-02-06 18:19:00.819000+00:00
app.pandadoc.com,2,2025-02-10 03:58:29.731000+00:00,2025-02-10 03:58:30.499000+00:00
app.pinecone.io,18,2025-02-04 17:51:13.167000+00:00,2025-02-20 19:50:08.337000+00:00
app.powerbi.com,40,2025-01-21 12:42:00.814000+00:00,2025-01-23 05:40:52.957000+00:00
app.qase.io,4,2025-01-23 11:33:33.581000+00:00,2025-01-23 11:37:30.050000+00:00
apps3.alameda.courts.ca.gov,8,2025-02-04 12:46:37.726000+00:00,2025-02-04 12:51:17.807000+00:00
ashleyfurniture.com,1,2025-02-19 04:23:39.158000+00:00,2025-02-19 04:23:39.158000+00:00
asiamonitor.com.my,3,2025-02-04 15:02:30.166000+00:00,2025-02-04 15:11:36.856000+00:00
assess.truste.com,2,2025-02-10 21:46:24.959000+00:00,2025-02-10 23:19:07.474000+00:00
auth.mavenclinic.com,2,2025-01-28 15:48:09.090000+00:00,2025-01-28 15:55:57.542000+00:00
autorentals.com,3,2025-01-27 01:01:00.165000+00:00,2025-01-27 01:01:25.467000+00:00
avianca.com,2,2025-01-25 04:45:24.060000+00:00,2025-01-25 04:45:24.060000+00:00
avios.com,3,2025-01-21 11:00:35.229000+00:00,2025-01-21 11:00:37.059000+00:00
bankofamerica.com,1,2025-02-03 07:38:07.921000+00:00,2025-02-03 07:38:07.921000+00:00
bbc.com,13,2025-01-24 04:32:26.959000+00:00,2025-02-20 16:26:36.779000+00:00
behav-my.sharepoint.com,29,2025-01-23 10:50:37.946000+00:00,2025-02-19 01:00:46.513000+00:00
behaviorally.com,2,2025-01-23 06:17:28.655000+00:00,2025-01-23 06:17:42.891000+00:00
beyondmeat.com,1,2025-02-20 19:22:13.611000+00:00,2025-02-20 19:22:13.611000+00:00
bizben.com,1,2025-02-02 04:19:46.688000+00:00,2025-02-02 04:19:46.688000+00:00
bizbuysell.com,8,2025-02-02 04:20:03.788000+00:00,2025-02-16 11:26:28.452000+00:00
bizquest.com,29,2025-02-02 04:20:35.848000+00:00,2025-02-02 04:32:48.062000+00:00
blinkist.com,1,2025-02-19 03:33:18.173000+00:00,2025-02-19 03:33:18.173000+00:00
blog.duolingo.com,2,2025-01-25 17:54:26.522000+00:00,2025-01-29 18:22:39.554000+00:00
blog.google,1,2025-01-30 08:54:32.632000+00:00,2025-01-30 08:54:32.632000+00:00
bloomberg.com,2,2025-02-07 01:15:46.467000+00:00,2025-02-07 01:15:53.937000+00:00
blueberrypediatrics.com,3,2025-02-06 23:34:01.052000+00:00,2025-02-06 23:34:10.501000+00:00
blueprint.bryanjohnson.com,1,2025-01-28 05:40:11.267000+00:00,2025-01-28 05:40:11.267000+00:00
book.srilankan.com,12,2025-01-30 03:16:39.904000+00:00,2025-01-30 04:44:05.537000+00:00
booking.flyfrontier.com,3,2025-02-17 03:32:59.605000+00:00,2025-02-17 03:33:02.853000+00:00
booking.iflyworld.com,10,2025-02-01 16:31:52.582000+00:00,2025-02-14 19:44:08.390000+00:00
booking.mimaruhotels.com,3,2025-02-01 17:17:27.146000+00:00,2025-02-01 17:19:24.610000+00:00
brit.co,1,2025-02-11 01:47:23.182000+00:00,2025-02-11 01:47:23.182000+00:00
buffer.com,2,2025-01-23 11:37:43.664000+00:00,2025-01-23 11:37:46.674000+00:00
businessinsider.com,1,2025-02-20 15:17:50.351000+00:00,2025-02-20 15:17:50.351000+00:00
calacademy.org,1,2025-02-14 03:20:59.537000+00:00,2025-02-14 03:20:59.537000+00:00
calendly.com,7,2025-01-25 04:16:55.634000+00:00,2025-01-25 04:19:47.873000+00:00
calmatters.org,1,2025-02-15 02:43:14.645000+00:00,2025-02-15 02:43:14.645000+00:00
calstate.aaa.com,1,2025-01-23 11:33:46.149000+00:00,2025-01-23 11:33:46.149000+00:00
canva.com,1,2025-01-25 16:19:47.700000+00:00,2025-01-25 16:19:47.700000+00:00
capbase.com,6,2025-01-28 23:22:44.598000+00:00,2025-01-28 23:23:58.003000+00:00
cases.gg,1,2025-02-07 16:16:46.361000+00:00,2025-02-07 16:16:46.361000+00:00
catisoutoftheoffice.com,2,2025-01-25 18:58:08.304000+00:00,2025-01-25 18:58:08.817000+00:00
centrip-japan.com,1,2025-02-19 22:04:00.719000+00:00,2025-02-19 22:04:00.719000+00:00
chatgpt.com,1,2025-02-21 05:38:02.153000+00:00,2025-02-21 05:38:02.153000+00:00
checkoutshopper-live.adyen.com,2,2025-01-30 07:10:09.557000+00:00,2025-01-30 07:16:09.606000+00:00
chefstore.com,2,2025-02-20 19:26:38.872000+00:00,2025-02-20 19:36:08.360000+00:00
chrome.google.com,17,2025-01-22 04:34:05.575000+00:00,2025-02-06 20:09:12.847000+00:00
chromewebstore.google.com,1,2025-02-21 07:57:51.308000+00:00,2025-02-21 07:57:51.308000+00:00
cio.eletsonline.com,1,2025-02-20 06:08:11.253000+00:00,2025-02-20 06:08:11.253000+00:00
clerky.com,1,2025-01-28 23:14:01.538000+00:00,2025-01-28 23:14:01.538000+00:00
client.ipostalmail.net,13,2025-01-29 23:56:15.412000+00:00,2025-02-19 21:27:14.804000+00:00
clutter.com,1,2025-02-03 02:28:14.262000+00:00,2025-02-03 02:28:14.262000+00:00
cnn.com,10,2025-02-09 20:15:16.854000+00:00,2025-02-20 16:33:59.067000+00:00
coinbase.com,1,2025-02-06 18:20:34.034000+00:00,2025-02-06 18:20:34.034000+00:00
collinsaerospace.com,1,2025-02-01 16:35:24.331000+00:00,2025-02-01 16:35:24.331000+00:00
commons.m.wikimedia.org,3,2025-02-12 17:17:26.974000+00:00,2025-02-12 17:17:28.101000+00:00
connect.intuit.com,2,2025-02-15 07:36:57.716000+00:00,2025-02-15 07:45:02.644000+00:00
console.firebase.google.com,3,2025-01-27 13:59:33.388000+00:00,2025-02-19 21:48:24.642000+00:00
cornerstone.csod.com,16,2025-01-22 16:17:59.470000+00:00,2025-02-16 10:13:57.327000+00:00
cornerstoneondemand.com,1,2025-02-16 10:03:42.815000+00:00,2025-02-16 10:03:42.815000+00:00
cornerstoneondemand.okta.com,14,2025-01-22 16:18:38.360000+00:00,2025-01-31 16:23:38.132000+00:00
cornerstoneondemandinc.service-now.com,3,2025-01-31 14:44:54.440000+00:00,2025-01-31 16:23:35.627000+00:00
costco.com,12,2025-02-20 19:21:49.457000+00:00,2025-02-20 19:24:04.256000+00:00
costumepartyworld.com,1,2025-02-19 07:53:13.379000+00:00,2025-02-19 07:53:13.379000+00:00
cs-rtl.my.salesforce-sites.com,6,2025-01-22 21:58:49.499000+00:00,2025-02-21 07:43:10.710000+00:00
csod.enterprise.slack.com,1,2025-01-30 22:11:19.156000+00:00,2025-01-30 22:11:19.156000+00:00
ctsi-courtnetwork.org,4,2025-02-04 12:50:36.575000+00:00,2025-02-17 16:26:57.217000+00:00
cvs.com,4,2025-02-16 23:12:56.811000+00:00,2025-02-17 01:03:06.025000+00:00
dailypassport.com,1,2025-02-15 15:00:06.191000+00:00,2025-02-15 15:00:06.191000+00:00
dairyqueen.com,7,2025-02-15 00:28:09.531000+00:00,2025-02-15 00:29:03.380000+00:00
dashboard.branch.io,10,2025-01-31 12:56:06.520000+00:00,2025-01-31 12:56:58.813000+00:00
data.civicsync.com,5,2025-01-30 22:10:19.419000+00:00,2025-02-04 17:47:56.637000+00:00
dataiku.com,1,2025-01-22 10:59:33.118000+00:00,2025-01-22 10:59:33.118000+00:00
dev.to,1,2025-02-19 16:35:02.847000+00:00,2025-02-19 16:35:02.847000+00:00
diane-japan.medium.com,1,2025-02-01 17:15:07.884000+00:00,2025-02-01 17:15:07.884000+00:00
digitalspy.com,2,2025-01-28 19:43:50.452000+00:00,2025-02-07 07:38:14.684000+00:00
discoveryplus.com,1,2025-02-03 02:29:06.803000+00:00,2025-02-03 02:29:06.803000+00:00
docs.google.com,50,2025-01-21 11:20:29.277000+00:00,2025-02-21 07:14:19.142000+00:00
dpaste.com,2,2025-01-28 22:19:04.888000+00:00,2025-01-29 05:39:09.779000+00:00
dribbleup.com,4,2025-02-08 18:07:48.785000+00:00,2025-02-09 17:19:52.690000+00:00
drive.google.com,20,2025-02-19 13:17:47.276000+00:00,2025-02-19 17:45:55.221000+00:00
dropbox.com,7,2025-01-31 06:42:11.754000+00:00,2025-01-31 06:42:13.447000+00:00
dublinice.com,3,2025-01-31 22:06:41.318000+00:00,2025-02-01 01:38:50.057000+00:00
duolingo.com,5,2025-01-29 18:22:51.097000+00:00,2025-01-29 18:23:28.429000+00:00
earth.com,5,2025-01-26 15:25:24.618000+00:00,2025-01-30 05:31:18.676000+00:00
easylunches.com,1,2025-02-20 19:37:16.785000+00:00,2025-02-20 19:37:16.785000+00:00
eatingwell.com,2,2025-01-31 13:55:06.407000+00:00,2025-01-31 14:44:44.121000+00:00
edition.cnn.com,2,2025-02-12 18:18:06.534000+00:00,2025-02-12 18:18:43.416000+00:00
eladelantado.com,1,2025-01-30 02:33:28.491000+00:00,2025-01-30 02:33:28.491000+00:00
en.m.wikipedia.org,17,2025-02-07 07:33:03.414000+00:00,2025-02-20 15:18:05.883000+00:00
en.wikipedia.org,4,2025-02-19 21:50:13.043000+00:00,2025-02-19 21:50:36.338000+00:00
eonline.com,4,2025-02-03 03:48:02.920000+00:00,2025-02-13 01:20:40.350000+00:00
etsy.com,1,2025-02-20 18:57:55.315000+00:00,2025-02-20 18:57:55.315000+00:00
eu-west-1.console.aws.amazon.com,128,2025-01-21 11:58:09.278000+00:00,2025-02-20 06:44:12.143000+00:00
eu-west-1.signin.aws.amazon.com,8,2025-01-21 11:57:51.917000+00:00,2025-02-19 05:05:00.260000+00:00
eventbrite.com,1,2025-01-22 01:17:04.870000+00:00,2025-01-22 01:17:04.870000+00:00
evite.com,12,2025-01-24 01:40:25.225000+00:00,2025-01-31 13:23:01.087000+00:00
ewf.companieshouse.gov.uk,3,2025-01-31 14:29:40.074000+00:00,2025-01-31 14:30:38.593000+00:00
facebook.com,104,2025-01-22 11:12:35.101000+00:00,2025-02-19 22:21:54.126000+00:00
fandomwire.com,1,2025-02-04 19:19:57.457000+00:00,2025-02-04 19:19:57.457000+00:00
fathom.video,4,2025-02-17 23:31:49.035000+00:00,2025-02-19 04:38:48.219000+00:00
finance.yahoo.com,2,2025-01-25 21:36:23.080000+00:00,2025-01-25 21:36:23.712000+00:00
find-and-update.company-information.service.gov.uk,9,2025-01-31 14:25:53.317000+00:00,2025-01-31 14:28:52.992000+00:00
firebase.google.com,1,2025-02-20 17:40:23.827000+00:00,2025-02-20 17:40:23.827000+00:00
fitbit.com,3,2025-02-16 22:11:34.731000+00:00,2025-02-16 22:11:46.343000+00:00
fitbit.google.com,1,2025-02-16 22:11:43.171000+00:00,2025-02-16 22:11:43.171000+00:00
fiveslices.substack.com,10,2025-02-11 15:26:49.931000+00:00,2025-02-11 17:15:40.386000+00:00
flightaware.com,2,2025-02-07 03:59:55.689000+00:00,2025-02-07 22:30:02.996000+00:00
flights.flyfrontier.com,9,2025-02-09 18:04:22.182000+00:00,2025-02-17 03:32:22.952000+00:00
flipkart.com,17,2025-02-03 02:36:56.369000+00:00,2025-02-03 03:37:01.740000+00:00
flooringinc.com,2,2025-01-26 22:54:40.233000+00:00,2025-01-27 00:45:06.041000+00:00
food.com,1,2025-01-24 17:05:55.915000+00:00,2025-01-24 17:05:55.915000+00:00
fortune.com,1,2025-02-06 20:27:17.787000+00:00,2025-02-06 20:27:17.787000+00:00
foxla.com,1,2025-02-11 13:58:28.258000+00:00,2025-02-11 13:58:28.258000+00:00
frequentmiler.com,1,2025-02-20 21:43:40.831000+00:00,2025-02-20 21:43:40.831000+00:00
garagegymreviews.com,1,2025-01-23 11:34:04.100000+00:00,2025-01-23 11:34:04.100000+00:00
gateway.ipostalmail.net,6,2025-01-29 23:56:15.412000+00:00,2025-02-19 21:26:59.298000+00:00
gbnews.com,2,2025-01-30 05:29:48.113000+00:00,2025-01-30 05:29:57.775000+00:00
geediting.com,1,2025-01-22 17:52:58.687000+00:00,2025-01-22 17:52:58.687000+00:00
giftory.com,6,2025-02-20 19:02:12.586000+00:00,2025-02-20 19:02:35.212000+00:00
gitlab.com,71,2025-01-22 10:17:28.535000+00:00,2025-02-17 06:52:43.734000+00:00
global.americanexpress.com,6,2025-02-03 02:31:55.227000+00:00,2025-02-09 17:21:47.802000+00:00
go.xero.com,60,2025-02-19 18:16:40.440000+00:00,2025-02-19 21:48:24.296000+00:00
google.com,1328,2025-01-21 12:04:21.483000+00:00,2025-02-21 04:19:19.391000+00:00
gov.uk,3,2025-01-31 14:25:47.895000+00:00,2025-01-31 14:28:57.154000+00:00
gozerog.com,8,2025-01-31 02:05:57.935000+00:00,2025-02-20 18:56:32.171000+00:00
greenmesg.org,1,2025-02-03 02:51:17.677000+00:00,2025-02-03 02:51:17.677000+00:00
gregdeckerhair.com,1,2025-01-24 04:46:51.767000+00:00,2025-01-24 04:46:51.767000+00:00
groupon.com,2,2025-02-15 02:24:26.120000+00:00,2025-02-16 11:15:47.256000+00:00
halloweencostumes.com,1,2025-02-19 07:52:24.106000+00:00,2025-02-19 07:52:24.106000+00:00
harlemglobetrotters.com,1,2025-02-09 19:59:41.958000+00:00,2025-02-09 19:59:41.958000+00:00
health.amazon.com,8,2025-02-06 18:13:06.098000+00:00,2025-02-06 23:33:16.444000+00:00
help.clerky.com,1,2025-01-28 23:14:11.560000+00:00,2025-01-28 23:14:11.560000+00:00
help.netflix.com,2,2025-02-15 20:49:07.713000+00:00,2025-02-15 20:51:56.921000+00:00
hindustantimes.com,2,2025-02-09 23:30:45.941000+00:00,2025-02-15 02:44:43.745000+00:00
hkmmnfimlpcphpgnmgdecpdpaefjnlga,1,2025-02-21 07:58:02.688000+00:00,2025-02-21 07:58:02.688000+00:00
hola.com,2,2025-02-02 03:54:26.653000+00:00,2025-02-02 03:54:26.992000+00:00
homedepot.com,32,2025-01-25 22:24:01.548000+00:00,2025-02-17 17:00:00.050000+00:00
hosp.ncgm.go.jp,1,2025-02-01 17:14:02.595000+00:00,2025-02-01 17:14:02.595000+00:00
houseofbeautyindia.com,1,2025-01-22 12:00:31.618000+00:00,2025-01-22 12:00:31.618000+00:00
howtogeek.com,1,2025-02-07 01:15:25.492000+00:00,2025-02-07 01:15:25.492000+00:00
hrc.co.kr,1,2025-01-23 11:37:55.227000+00:00,2025-01-23 11:37:55.227000+00:00
htmltemplates.co,17,2025-02-21 00:51:54.067000+00:00,2025-02-21 05:26:27.247000+00:00
icloud.com,1,2025-02-05 15:51:26.061000+00:00,2025-02-05 15:51:26.061000+00:00
idam-ui.company-information.service.gov.uk,17,2025-01-31 14:29:01.710000+00:00,2025-01-31 15:10:40.664000+00:00
identity.company-information.service.gov.uk,4,2025-01-31 14:26:00.542000+00:00,2025-01-31 14:28:48.356000+00:00
iflyworld.com,13,2025-01-31 02:05:46.512000+00:00,2025-02-14 17:13:35.912000+00:00
ij.manual.canon,2,2025-02-02 01:40:03.782000+00:00,2025-02-02 03:54:05.183000+00:00
ikea.com,5,2025-02-19 04:21:39.037000+00:00,2025-02-19 04:22:59.267000+00:00
incredible-adventures.com,1,2025-01-31 14:10:36.468000+00:00,2025-01-31 14:10:36.468000+00:00
indeemo.com,1,2025-01-23 11:38:05.065000+00:00,2025-01-23 11:38:05.065000+00:00
india.com,5,2025-01-31 13:54:57.205000+00:00,2025-02-04 09:30:20.629000+00:00
indy100.com,1,2025-01-27 22:28:04.984000+00:00,2025-01-27 22:28:04.984000+00:00
info.hands.net,1,2025-02-19 22:30:00.389000+00:00,2025-02-19 22:30:00.389000+00:00
instacart.com,20,2025-02-17 02:39:20.725000+00:00,2025-02-20 20:40:24.386000+00:00
instagram.com,30,2025-01-22 01:58:54.073000+00:00,2025-02-19 18:38:39.016000+00:00
iphone-cases.org,1,2025-02-19 22:07:39.616000+00:00,2025-02-19 22:07:39.616000+00:00
istockphoto.com,4,2025-01-29 18:26:59.324000+00:00,2025-01-29 18:27:38.039000+00:00
itviec.com,4,2025-02-19 05:36:26.839000+00:00,2025-02-19 05:37:30.986000+00:00
japanhealthinfo.com,1,2025-02-01 17:14:22.114000+00:00,2025-02-01 17:14:22.114000+00:00
jdacademy.com,3,2025-01-24 04:51:22.736000+00:00,2025-02-03 07:43:19.460000+00:00
johnmuirhealth.com,1,2025-02-01 16:58:42.025000+00:00,2025-02-01 16:58:42.025000+00:00
joinmosaic.myaccountinfo.com,15,2025-02-21 07:08:24.730000+00:00,2025-02-21 07:11:18.894000+00:00
joinvia.app,2,2025-01-22 04:52:31.566000+00:00,2025-01-22 04:52:47.290000+00:00
jurassicquest.com,1,2025-02-01 19:05:48.318000+00:00,2025-02-01 19:05:48.318000+00:00
justdial.com,2,2025-02-14 01:41:08.431000+00:00,2025-02-14 03:20:31.372000+00:00
kdp.amazon.com,5,2025-01-27 05:24:32.319000+00:00,2025-02-06 05:34:05.024000+00:00
kdpreports.amazon.com,4,2025-01-27 05:24:37.405000+00:00,2025-02-04 17:54:35.760000+00:00
klook.com,2,2025-02-19 21:33:38.545000+00:00,2025-02-19 21:48:29.706000+00:00
kohls.com,2,2025-02-12 17:09:43.755000+00:00,2025-02-12 17:15:06.409000+00:00
kron4.com,1,2025-02-18 16:35:19.570000+00:00,2025-02-18 16:35:19.570000+00:00
kyoto.travel,1,2025-02-19 21:36:00.201000+00:00,2025-02-19 21:36:00.201000+00:00
laist.com,1,2025-02-20 19:02:47.959000+00:00,2025-02-20 19:02:47.959000+00:00
leadxpro.com,1,2025-01-30 19:22:16.964000+00:00,2025-01-30 19:22:16.964000+00:00
letsnosh.io,4,2025-02-02 16:06:21.683000+00:00,2025-02-02 16:07:32.056000+00:00
link-siliconvalley.com,5,2025-02-18 22:38:05.515000+00:00,2025-02-19 00:14:58.039000+00:00
linkedin.com,22,2025-02-04 15:01:58.373000+00:00,2025-02-04 15:24:58.323000+00:00
livemint.com,1,2025-02-03 08:12:51.619000+00:00,2025-02-03 08:12:51.619000+00:00
login.live.com,13,2025-01-23 06:23:17.043000+00:00,2025-02-06 05:40:43.154000+00:00
login.microsoft.com,4,2025-02-06 05:39:53.463000+00:00,2025-02-06 05:40:22.628000+00:00
login.microsoftonline.com,23,2025-01-23 05:59:36.597000+00:00,2025-02-20 04:36:57.424000+00:00
login.onemedical.com,2,2025-02-06 18:19:42.517000+00:00,2025-02-06 23:33:09.138000+00:00
login.pinecone.io,2,2025-02-04 17:51:14.762000+00:00,2025-02-20 19:49:46.380000+00:00
login.xero.com,11,2025-01-23 11:33:52.843000+00:00,2025-02-20 08:08:56.790000+00:00
loom.com,5,2025-02-13 06:41:23.555000+00:00,2025-02-17 21:01:25.937000+00:00
loopnet.com,133,2025-02-02 04:14:34.014000+00:00,2025-02-21 05:26:26.702000+00:00
loribeds.com,5,2025-02-15 19:37:24.327000+00:00,2025-02-19 00:15:22.576000+00:00
lp.zipair.net,1,2025-01-29 04:07:09.389000+00:00,2025-01-29 04:07:09.389000+00:00
lumibot.com,1,2025-01-23 11:36:38.429000+00:00,2025-01-23 11:36:38.429000+00:00
luuxbags.com,5,2025-02-16 03:33:17.540000+00:00,2025-02-16 03:37:56.347000+00:00
m.selectaware.com,11,2025-02-06 18:23:34.664000+00:00,2025-02-06 23:31:11.392000+00:00
m.yelp.com,3,2025-01-31 02:12:16.757000+00:00,2025-02-16 11:17:20.608000+00:00
m.youtube.com,1,2025-02-01 16:30:04.115000+00:00,2025-02-01 16:30:04.115000+00:00
macys.com,1,2025-02-21 05:47:44.822000+00:00,2025-02-21 05:47:44.822000+00:00
mail.google.com,149,2025-01-22 05:09:46.234000+00:00,2025-02-20 10:12:00.389000+00:00
makeaclaim.247homerescue.co.uk,1,2025-01-22 17:03:09.750000+00:00,2025-01-22 17:03:09.750000+00:00
maps.apple.com,2,2025-01-27 01:02:33.582000+00:00,2025-01-27 01:02:35.770000+00:00
markandgraham.com,3,2025-02-20 18:57:30.812000+00:00,2025-02-20 18:57:40.869000+00:00
marriott.com,1,2025-01-30 07:08:10.266000+00:00,2025-01-30 07:08:10.266000+00:00
marthastewart.com,2,2025-02-18 01:23:39.446000+00:00,2025-02-18 17:16:41.252000+00:00
masa.ai,1,2025-02-19 07:31:50.323000+00:00,2025-02-19 07:31:50.323000+00:00
mavenclinic.com,31,2025-01-28 15:47:51.181000+00:00,2025-01-28 16:21:32.172000+00:00
meet.google.com,3,2025-01-29 18:44:21.772000+00:00,2025-01-29 19:05:26.229000+00:00
mercurynews.com,1,2025-01-26 15:25:12.566000+00:00,2025-01-26 15:25:12.566000+00:00
mermaidchart.com,7,2025-02-20 19:06:15.212000+00:00,2025-02-21 06:32:59.735000+00:00
michaels.com,5,2025-02-16 01:56:38.790000+00:00,2025-02-16 06:26:09.715000+00:00
microsoft.com,4,2025-01-23 06:23:12.910000+00:00,2025-02-10 23:39:48.600000+00:00
migflug.com,1,2025-01-31 02:12:38.867000+00:00,2025-01-31 02:12:38.867000+00:00
milikacenterfortherapyandresilience.com,1,2025-02-16 12:21:53.489000+00:00,2025-02-16 12:21:53.489000+00:00
mimaruhotels.com,9,2025-01-31 16:23:48.163000+00:00,2025-02-01 21:31:09.503000+00:00
montessoricompass.com,7,2025-01-26 23:46:49.451000+00:00,2025-01-26 23:49:59.822000+00:00
msn.com,2,2025-01-27 01:40:52.444000+00:00,2025-02-21 04:52:37.364000+00:00
mueller.viomedspa-specials.com,5,2025-02-05 13:16:50.618000+00:00,2025-02-05 13:17:34.165000+00:00
my.1password.com,6,2025-02-21 06:26:18.970000+00:00,2025-02-21 06:26:25.028000+00:00
my.zipcar.com,2,2025-01-27 01:00:13.024000+00:00,2025-01-27 01:00:14.329000+00:00
myaccount.microsoft.com,9,2025-02-19 19:22:15.035000+00:00,2025-02-19 19:33:37.384000+00:00
mybritishgashomeinstallation.co.uk,3,2025-01-25 22:00:44.509000+00:00,2025-01-31 13:54:07.785000+00:00
mydelhi6.com,1,2025-02-16 22:36:42.857000+00:00,2025-02-16 22:36:42.857000+00:00
myfitnesspal.com,12,2025-02-19 16:30:26.995000+00:00,2025-02-19 16:49:04.492000+00:00
myheartbeets.com,1,2025-02-03 01:42:34.491000+00:00,2025-02-03 01:42:34.491000+00:00
namedrop.io,2,2025-02-01 01:39:02.929000+00:00,2025-02-01 01:39:30.581000+00:00
nationalgeographic.com,1,2025-01-27 22:28:21.690000+00:00,2025-01-27 22:28:21.690000+00:00
naturallynidhi.com,2,2025-02-11 15:13:53.086000+00:00,2025-02-11 18:29:33.286000+00:00
nb.fidelity.com,1,2025-02-08 03:01:16.523000+00:00,2025-02-08 03:01:16.523000+00:00
nbcbayarea.com,2,2025-02-07 00:56:11.910000+00:00,2025-02-21 05:47:13.865000+00:00
nessy.com,5,2025-02-07 01:09:34.190000+00:00,2025-02-07 01:10:14.368000+00:00
nestpensions.org.uk,1,2025-01-23 11:35:58.502000+00:00,2025-01-23 11:35:58.502000+00:00
network.actonacademy.org,1,2025-01-25 04:21:57.352000+00:00,2025-01-25 04:21:57.352000+00:00
noredink.com,10,2025-02-07 01:07:17.570000+00:00,2025-02-07 01:09:01+00:00
notebooklm.google.com,7,2025-02-12 22:47:29.494000+00:00,2025-02-13 05:49:12.681000+00:00
npr.org,1,2025-01-30 05:30:19.662000+00:00,2025-01-30 05:30:19.662000+00:00
nypost.com,2,2025-01-24 00:19:32.889000+00:00,2025-02-04 09:29:47.791000+00:00
oce.americanexpress.com,9,2025-01-27 00:05:56.436000+00:00,2025-01-27 00:07:36.378000+00:00
odoo.com,2,2025-01-23 11:37:04.943000+00:00,2025-01-23 11:37:07.667000+00:00
onedrive.live.com,25,2025-01-23 06:23:12.910000+00:00,2025-02-10 23:39:48.600000+00:00
oneidentityapiproxy.americanexpress.com,1,2025-02-09 17:20:49.218000+00:00,2025-02-09 17:20:49.218000+00:00
opentable.com,10,2025-02-13 23:50:43.904000+00:00,2025-02-14 01:40:53.649000+00:00
pages.gocatalant.com,4,2025-02-02 03:31:18.892000+00:00,2025-02-02 03:31:25.438000+00:00
paracletexp.com,2,2025-01-31 14:11:02.909000+00:00,2025-02-01 16:36:58.540000+00:00
parade.com,1,2025-02-21 05:47:35.454000+00:00,2025-02-21 05:47:35.454000+00:00
parksfo.com,2,2025-01-27 01:47:21.795000+00:00,2025-01-27 01:49:48.160000+00:00
payment.airasia.com,11,2025-01-30 07:06:34.228000+00:00,2025-01-30 07:15:43.001000+00:00
payments.freedompay.com,1,2025-02-07 22:54:31.430000+00:00,2025-02-07 22:54:31.430000+00:00
peerspace.com,1,2025-02-16 11:18:49.576000+00:00,2025-02-16 11:18:49.576000+00:00
people.com,1,2025-02-20 18:58:49.895000+00:00,2025-02-20 18:58:49.895000+00:00
petco.com,8,2025-02-12 17:05:51.899000+00:00,2025-02-12 17:09:37.152000+00:00
photos.app.goo.gl,1,2025-01-30 04:44:58.998000+00:00,2025-01-30 04:44:58.998000+00:00
photos.google.com,16,2025-01-29 19:17:02.839000+00:00,2025-02-20 19:39:13.661000+00:00
pinecone.io,5,2025-02-04 15:41:16.056000+00:00,2025-02-20 19:49:42.554000+00:00
pinterest.com,2,2025-01-24 04:49:50.819000+00:00,2025-02-03 07:43:17.641000+00:00
pipeline.zoominfo.com,2,2025-02-04 18:29:16.162000+00:00,2025-02-06 05:55:35.994000+00:00
pitch59.com,5,2025-02-03 11:34:07.039000+00:00,2025-02-03 11:50:20.484000+00:00
plasticsurgery1.com,2,2025-02-05 13:16:27.179000+00:00,2025-02-05 13:16:35.690000+00:00
play.google.com,41,2025-01-24 17:10:46.886000+00:00,2025-02-21 04:19:39.710000+00:00
playshifu.com,1,2025-02-03 02:36:17.241000+00:00,2025-02-03 02:36:17.241000+00:00
plushcare.com,3,2025-02-06 23:34:47.442000+00:00,2025-02-07 01:07:11.607000+00:00
politico.com,1,2025-02-16 21:15:58.160000+00:00,2025-02-16 21:15:58.160000+00:00
priceline.com,1,2025-01-27 01:01:33.020000+00:00,2025-01-27 01:01:33.020000+00:00
py-insights.com,17,2025-02-18 06:50:21.172000+00:00,2025-02-21 07:57:40.988000+00:00
py-test-dashboard.vercel.app,6,2025-02-16 06:26:10.009000+00:00,2025-02-17 05:32:52.988000+00:00
pyinsights.freshdesk.com,2,2025-02-18 06:13:18.853000+00:00,2025-02-20 06:10:33.767000+00:00
pyinsightscom-my.sharepoint.com,52,2025-01-23 06:23:27.577000+00:00,2025-02-19 01:02:54.596000+00:00
pyinsightscom.sharepoint.com,140,2025-01-23 05:59:37.720000+00:00,2025-02-20 05:50:45.115000+00:00
pymnts.com,1,2025-02-19 23:21:45.598000+00:00,2025-02-19 23:21:45.598000+00:00
qksrv.net,1,2025-02-21 05:47:44.383000+00:00,2025-02-21 05:47:44.383000+00:00
quickpay.hmshost.com,13,2025-02-07 22:20:38.385000+00:00,2025-02-07 22:54:52.518000+00:00
qurb-ca-llc.odoo.com,1,2025-01-23 11:37:11.387000+00:00,2025-01-23 11:37:11.387000+00:00
r.c-e.io,5,2025-01-25 21:20:45.147000+00:00,2025-01-25 22:00:44.509000+00:00
reddit.com,15,2025-01-26 22:53:10.501000+00:00,2025-02-20 18:58:25.563000+00:00
redfin.com,5,2025-02-18 16:35:27.050000+00:00,2025-02-18 16:35:35.674000+00:00
remarkablecoating.com,1,2025-02-15 15:07:03.037000+00:00,2025-02-15 15:07:03.037000+00:00
reporting.xero.com,19,2025-02-19 18:25:09.207000+00:00,2025-02-19 18:29:05.173000+00:00
resume-builder-test-new.masaischool.com,10,2025-02-19 16:56:30.606000+00:00,2025-02-19 17:51:33.924000+00:00
rickhernsproductions.com,1,2025-02-14 03:21:38.996000+00:00,2025-02-14 03:21:38.996000+00:00
robinhoodcredit.zendesk.com,6,2025-01-28 02:59:36.080000+00:00,2025-01-28 02:59:39.940000+00:00
rocketable.com,1,2025-01-24 04:30:17.280000+00:00,2025-01-24 04:30:17.280000+00:00
rooms.aero,2,2025-01-28 03:45:31.412000+00:00,2025-01-28 03:45:38.500000+00:00
rotimatic.com,2,2025-02-16 22:35:46.418000+00:00,2025-02-16 22:37:17.643000+00:00
s3.eu-west-1.amazonaws.com,3,2025-02-19 05:06:08.700000+00:00,2025-02-19 05:07:41.991000+00:00
sacramentofurniturestore.co,1,2025-02-02 04:09:45.007000+00:00,2025-02-02 04:09:45.007000+00:00
salefish.invisipon.com,5,2025-01-24 17:02:24.743000+00:00,2025-02-18 03:31:18.113000+00:00
samsclub.com,1,2025-02-20 19:26:08.540000+00:00,2025-02-20 19:26:08.540000+00:00
samsung.com,1,2025-01-30 08:18:14.837000+00:00,2025-01-30 08:18:14.837000+00:00
sandboxvr.com,1,2025-01-24 19:48:54.862000+00:00,2025-01-24 19:48:54.862000+00:00
seats.aero,4,2025-01-28 03:43:59.702000+00:00,2025-01-28 03:44:54.350000+00:00
sec.windcave.com,2,2025-02-14 20:51:49.974000+00:00,2025-02-14 20:52:41.411000+00:00
secure.bankofamerica.com,10,2025-01-29 20:36:53.721000+00:00,2025-02-03 07:28:03.363000+00:00
secure.payu.in,1,2025-01-29 05:26:01.119000+00:00,2025-01-29 05:26:01.119000+00:00
sellerx.com,5,2025-01-29 05:51:04.372000+00:00,2025-01-29 06:18:52.680000+00:00
sf.eater.com,1,2025-02-16 11:19:17.915000+00:00,2025-02-16 11:19:17.915000+00:00
sfchronicle.com,1,2025-02-07 23:31:12.171000+00:00,2025-02-07 23:31:12.171000+00:00
sfgate.com,5,2025-01-27 13:33:48.303000+00:00,2025-02-21 05:47:02.515000+00:00
sfgoodwill.us13.list-manage.com,2,2025-02-19 21:28:44.085000+00:00,2025-02-19 21:28:50.264000+00:00
shud.in,2,2025-02-21 00:53:24.580000+00:00,2025-02-21 05:26:27.067000+00:00
signin.aws.amazon.com,12,2025-01-21 11:58:03.235000+00:00,2025-02-20 06:42:59.593000+00:00
signin.costco.com,1,2025-02-20 19:23:39.333000+00:00,2025-02-20 19:23:39.333000+00:00
silmedspa.com,14,2025-02-09 21:53:26.779000+00:00,2025-02-09 21:54:11.077000+00:00
siripanya.com,5,2025-02-15 15:10:46.482000+00:00,2025-02-15 21:45:07.829000+00:00
skydiveperris.com,3,2025-02-20 19:04:07.312000+00:00,2025-02-20 19:05:30.915000+00:00
sparctheater.org,3,2025-01-27 04:51:17.805000+00:00,2025-01-27 04:52:02.833000+00:00
srilankan.com,5,2025-01-29 16:57:36.111000+00:00,2025-01-30 04:29:15.008000+00:00
ssa.gov,1,2025-01-23 11:34:40.082000+00:00,2025-01-23 11:34:40.082000+00:00
sso.clubavolta.com,3,2025-02-07 22:19:34.575000+00:00,2025-02-07 22:20:19.560000+00:00
stallsavers.com,1,2025-01-27 00:43:42.064000+00:00,2025-01-27 00:43:42.064000+00:00
stanfordchildrens.org,1,2025-02-17 02:24:21.533000+00:00,2025-02-17 02:24:21.533000+00:00
storyboard18.com,1,2025-02-07 00:55:36.857000+00:00,2025-02-07 00:55:36.857000+00:00
stubhub.com,2,2025-02-09 23:37:21.368000+00:00,2025-02-09 23:37:23.740000+00:00
sunpalacevacationhomes.com,1,2025-02-15 23:51:21.891000+00:00,2025-02-15 23:51:21.891000+00:00
support.chipolo.net,1,2025-02-14 05:50:52.522000+00:00,2025-02-14 05:50:52.522000+00:00
support.covenanteyes.com,2,2025-01-23 11:35:58.032000+00:00,2025-01-23 11:36:33.977000+00:00
support.google.com,5,2025-01-23 06:31:03.520000+00:00,2025-02-18 06:20:28.815000+00:00
support.microsoft.com,1,2025-01-27 05:27:49.661000+00:00,2025-01-27 05:27:49.661000+00:00
target.com,13,2025-02-17 02:39:38.041000+00:00,2025-02-18 02:50:37.976000+00:00
taskrabbit.co.uk,6,2025-02-02 17:08:39.687000+00:00,2025-02-02 17:09:22.254000+00:00
taskrabbit.com,59,2025-02-02 16:42:31.192000+00:00,2025-02-02 18:04:41.054000+00:00
teams.microsoft.com,25,2025-01-27 14:01:18.575000+00:00,2025-02-21 07:11:19.115000+00:00
ted.com,2,2025-01-23 11:34:08.309000+00:00,2025-01-23 11:34:10.195000+00:00
the-shooting-star.com,1,2025-02-01 22:10:46.597000+00:00,2025-02-01 22:10:46.597000+00:00
theculinistas.com,1,2025-02-15 01:53:07.919000+00:00,2025-02-15 01:53:07.919000+00:00
thegraydetails.com,1,2025-01-24 04:47:39.885000+00:00,2025-01-24 04:47:39.885000+00:00
theguardian.com,1,2025-02-17 16:24:30.380000+00:00,2025-02-17 16:24:30.380000+00:00
theknot.com,1,2025-02-15 01:53:54.339000+00:00,2025-02-15 01:53:54.339000+00:00
thespruceeats.com,1,2025-02-15 20:35:20.755000+00:00,2025-02-15 20:35:20.755000+00:00
thestreet.com,2,2025-01-29 18:26:25.403000+00:00,2025-01-29 18:26:33.547000+00:00
ticotimes.net,1,2025-01-22 17:53:22.921000+00:00,2025-01-22 17:53:22.921000+00:00
tik-tok.en.uptodown.com,1,2025-01-25 05:06:17.987000+00:00,2025-01-25 05:06:17.987000+00:00
timeanddate.com,30,2025-01-28 16:21:34.761000+00:00,2025-02-20 17:51:43.161000+00:00
timeless-hairstyles.com,1,2025-01-24 04:49:56.185000+00:00,2025-01-24 04:49:56.185000+00:00
timesofindia-indiatimes-com.cdn.ampproject.org,2,2025-01-25 21:25:21.787000+00:00,2025-01-25 21:25:21.963000+00:00
timesofindia.indiatimes.com,2,2025-01-29 19:36:40.941000+00:00,2025-02-05 20:10:56.192000+00:00
titan.fitness,1,2025-02-18 13:55:48.650000+00:00,2025-02-18 13:55:48.650000+00:00
tokyo-zoo.net,1,2025-01-26 17:12:15.247000+00:00,2025-01-26 17:12:15.247000+00:00
toytheater.com,5,2025-01-31 15:22:54.971000+00:00,2025-01-31 15:26:05.686000+00:00
tractorsupply.com,33,2025-01-26 23:33:43.331000+00:00,2025-01-27 05:12:25.328000+00:00
tradingeconomics.com,4,2025-02-04 00:40:43.373000+00:00,2025-02-04 00:40:59.079000+00:00
tribune.com.pk,1,2025-02-11 12:12:32.269000+00:00,2025-02-11 12:12:32.269000+00:00
trustandwill.com,1,2025-01-23 11:35:57.047000+00:00,2025-01-23 11:35:57.047000+00:00
trustpilot.com,10,2025-01-28 05:32:15.673000+00:00,2025-01-31 13:21:06.979000+00:00
tuskr.app,2,2025-01-23 11:33:36.297000+00:00,2025-02-17 06:42:30.991000+00:00
tuskr.live,11,2025-01-23 11:33:53.781000+00:00,2025-02-17 06:45:03.240000+00:00
ubereats.com,2,2025-02-20 19:27:18.484000+00:00,2025-02-20 19:27:18.484000+00:00
ukpostbox.com,1,2025-02-19 21:26:47.115000+00:00,2025-02-19 21:26:47.115000+00:00
upload.wikimedia.org,1,2025-02-12 17:17:32.767000+00:00,2025-02-12 17:17:32.767000+00:00
upwork.com,473,2025-01-23 06:01:25.440000+00:00,2025-02-19 21:48:23.443000+00:00
us-east-1.console.aws.amazon.com,14,2025-01-22 06:31:53.818000+00:00,2025-02-20 07:03:13.740000+00:00
us06web.zoom.us,8,2025-01-23 02:19:23.493000+00:00,2025-02-06 19:29:53.067000+00:00
v0-shud-in-clone.vercel.app,9,2025-02-21 00:53:19.052000+00:00,2025-02-21 05:26:26.890000+00:00
vaillant.co.uk,5,2025-02-12 12:57:44.675000+00:00,2025-02-12 15:45:55.228000+00:00
variety.com,1,2025-01-29 19:37:04.085000+00:00,2025-01-29 19:37:04.085000+00:00
virginexperiencegifts.com,11,2025-02-15 02:24:07.890000+00:00,2025-02-20 19:02:39.610000+00:00
vivadayspa.com,1,2025-02-05 14:33:15.334000+00:00,2025-02-05 14:33:15.334000+00:00
vividseats.com,4,2025-02-09 23:36:35.783000+00:00,2025-02-09 23:37:03.145000+00:00
vmschool.org,1,2025-02-15 21:31:44.412000+00:00,2025-02-15 21:31:44.412000+00:00
voronoiapp.com,1,2025-02-03 03:48:54.076000+00:00,2025-02-03 03:48:54.076000+00:00
walmart.com,1,2025-02-17 02:38:37.609000+00:00,2025-02-17 02:38:37.609000+00:00
way.com,16,2025-02-06 18:23:10.065000+00:00,2025-02-06 18:26:13.922000+00:00
wayfair.com,8,2025-02-19 04:24:35.958000+00:00,2025-02-19 05:07:33.480000+00:00
wellfound.com,107,2025-02-17 07:27:08.562000+00:00,2025-02-19 21:48:49.566000+00:00
whsa.org,1,2025-02-12 17:24:15.028000+00:00,2025-02-12 17:24:15.028000+00:00
wise.com,15,2025-01-30 06:45:00.471000+00:00,2025-02-19 04:10:11.567000+00:00
wsmi.org,1,2025-02-19 22:07:21.719000+00:00,2025-02-19 22:07:21.719000+00:00
www-13abc-com.cdn.ampproject.org,2,2025-01-27 13:34:17.864000+00:00,2025-01-27 13:34:17.933000+00:00
www-cnbc-com.cdn.ampproject.org,2,2025-01-27 01:41:03.121000+00:00,2025-01-27 01:41:03.222000+00:00
www-hindustantimes-com.cdn.ampproject.org,2,2025-01-22 17:54:22.284000+00:00,2025-01-22 17:54:22.387000+00:00
www-msnbc-com.cdn.ampproject.org,2,2025-01-27 13:34:37.133000+00:00,2025-01-27 13:34:37.269000+00:00
www-ndtv-com.cdn.ampproject.org,3,2025-01-27 13:33:32.216000+00:00,2025-01-27 13:33:32.377000+00:00
x.com,10,2025-01-24 04:30:02.034000+00:00,2025-02-03 07:07:54.356000+00:00
xe.com,5,2025-02-04 15:46:39.016000+00:00,2025-02-04 15:46:55.156000+00:00
yahoo.com,1,2025-02-17 16:24:16.396000+00:00,2025-02-17 16:24:16.396000+00:00
your.cvs.com,1,2025-02-06 23:41:30.524000+00:00,2025-02-06 23:41:30.524000+00:00
youtube.com,2,2025-01-22 11:16:23.360000+00:00,2025-01-22 11:16:24.333000+00:00
zillow.com,43,2025-01-31 00:06:53.420000+00:00,2025-02-19 01:37:08.711000+00:00
zipair.net,106,2025-01-29 04:06:57.749000+00:00,2025-01-29 08:14:35.946000+00:00
zipcar.com,2,2025-01-27 00:58:50.387000+00:00,2025-01-27 00:59:15.325000+00:00
zucchinikill.com,1,2025-02-15 00:21:54.574000+00:00,2025-02-15 00:21:54.574000+00:00
